"DA_UID","Population","Neighbourhood","Cluster","CommunityArea"
"46110001",3966,"Rosser-Old Kildonan","Seven Oaks West","Seven Oaks"
"46110002",3678,"Rosser-Old Kildonan","Seven Oaks West","Seven Oaks"
"46110003",563,"Templeton-Sinclair","Seven Oaks East","Seven Oaks"
"46110004",449,"Templeton-Sinclair","Seven Oaks East","Seven Oaks"
"46110005",1039,"Templeton-Sinclair","Seven Oaks East","Seven Oaks"
"46110006",518,"Templeton-Sinclair","Seven Oaks East","Seven Oaks"
"46110007",609,"Templeton-Sinclair","Seven Oaks East","Seven Oaks"
"46110008",501,"Templeton-Sinclair","Seven Oaks East","Seven Oaks"
"46110009",308,"Templeton-Sinclair","Seven Oaks East","Seven Oaks"
"46110010",795,"Garden City","Seven Oaks East","Seven Oaks"
"46110011",639,"Jefferson","Seven Oaks East","Seven Oaks"
"46110012",593,"Jefferson","Seven Oaks East","Seven Oaks"
"46110013",692,"Jefferson","Seven Oaks East","Seven Oaks"
"46110014",704,"Jefferson","Seven Oaks East","Seven Oaks"
"46110015",614,"Jefferson","Seven Oaks East","Seven Oaks"
"46110016",517,"Margaret Park","Seven Oaks East","Seven Oaks"
"46110017",579,"Seven Oaks","Seven Oaks East","Seven Oaks"
"46110018",755,"Jefferson","Seven Oaks East","Seven Oaks"
"46110019",627,"Seven Oaks","Seven Oaks East","Seven Oaks"
"46110020",704,NA,NA,NA
"46110021",753,"Seven Oaks","Seven Oaks East","Seven Oaks"
"46110022",521,"Jefferson","Seven Oaks East","Seven Oaks"
"46110023",613,"Jefferson","Seven Oaks East","Seven Oaks"
"46110024",623,"Jefferson","Seven Oaks East","Seven Oaks"
"46110025",631,"Jefferson","Seven Oaks East","Seven Oaks"
"46110026",589,"Jefferson","Seven Oaks East","Seven Oaks"
"46110027",591,"Jefferson","Seven Oaks East","Seven Oaks"
"46110028",586,"Jefferson","Seven Oaks East","Seven Oaks"
"46110029",678,"Jefferson","Seven Oaks East","Seven Oaks"
"46110030",525,"Garden City","Seven Oaks East","Seven Oaks"
"46110031",874,"Garden City","Seven Oaks East","Seven Oaks"
"46110032",627,"Garden City","Seven Oaks East","Seven Oaks"
"46110033",659,"Garden City","Seven Oaks East","Seven Oaks"
"46110034",585,"Garden City","Seven Oaks East","Seven Oaks"
"46110035",472,"Garden City","Seven Oaks East","Seven Oaks"
"46110036",475,"Garden City","Seven Oaks East","Seven Oaks"
"46110037",590,"Garden City","Seven Oaks East","Seven Oaks"
"46110038",572,"Leila-McPhillips Triangle","Seven Oaks East","Seven Oaks"
"46110039",682,"Leila-McPhillips Triangle","Seven Oaks East","Seven Oaks"
"46110040",437,"Leila-McPhillips Triangle","Seven Oaks East","Seven Oaks"
"46110041",878,"Mynarski","Point Douglas North","Point Douglas"
"46110042",724,"Robertson","Point Douglas North","Point Douglas"
"46110043",678,"Robertson","Point Douglas North","Point Douglas"
"46110044",777,"Robertson","Point Douglas North","Point Douglas"
"46110045",595,"Robertson","Point Douglas North","Point Douglas"
"46110046",638,"Robertson","Point Douglas North","Point Douglas"
"46110047",619,"Burrows Central","Point Douglas North","Point Douglas"
"46110048",467,"Burrows Central","Point Douglas North","Point Douglas"
"46110049",535,"Burrows Central","Point Douglas North","Point Douglas"
"46110050",513,"Burrows Central","Point Douglas North","Point Douglas"
"46110051",608,"William Whyte","Point Douglas South","Point Douglas"
"46110052",603,"William Whyte","Point Douglas South","Point Douglas"
"46110053",545,"Dufferin","Point Douglas South","Point Douglas"
"46110054",562,"Dufferin","Point Douglas South","Point Douglas"
"46110055",494,"Dufferin Industrial","Point Douglas South","Point Douglas"
"46110056",575,"William Whyte","Point Douglas South","Point Douglas"
"46110057",628,"William Whyte","Point Douglas South","Point Douglas"
"46110058",536,"William Whyte","Point Douglas South","Point Douglas"
"46110059",675,"St. John's","Point Douglas North","Point Douglas"
"46110060",652,"William Whyte","Point Douglas South","Point Douglas"
"46110061",563,"William Whyte","Point Douglas South","Point Douglas"
"46110062",504,"St. John's","Point Douglas North","Point Douglas"
"46110063",531,"St. John's","Point Douglas North","Point Douglas"
"46110064",578,"William Whyte","Point Douglas South","Point Douglas"
"46110065",572,"William Whyte","Point Douglas South","Point Douglas"
"46110066",624,"William Whyte","Point Douglas South","Point Douglas"
"46110067",582,"William Whyte","Point Douglas South","Point Douglas"
"46110068",514,"Lord Selkirk Park","Point Douglas South","Point Douglas"
"46110069",973,"Lord Selkirk Park","Point Douglas South","Point Douglas"
"46110070",581,"Logan-C.P.R.","Downtown East","Downtown"
"46110071",1028,"Centennial","Downtown East","Downtown"
"46110072",745,"Centennial","Downtown East","Downtown"
"46110073",410,"West Alexander","Downtown East","Downtown"
"46110074",899,"West Alexander","Downtown East","Downtown"
"46110075",519,"West Alexander","Downtown East","Downtown"
"46110076",381,"Spence","Downtown East","Downtown"
"46110077",562,"Spence","Downtown East","Downtown"
"46110078",645,"Central Park","Downtown East","Downtown"
"46110079",876,"West Alexander","Downtown East","Downtown"
"46110080",769,"Central Park","Downtown East","Downtown"
"46110081",571,"Central Park","Downtown East","Downtown"
"46110082",530,"Spence","Downtown East","Downtown"
"46110083",638,"Spence","Downtown East","Downtown"
"46110084",815,"Spence","Downtown East","Downtown"
"46110085",555,"Daniel McIntyre","Downtown West","Downtown"
"46110086",504,"Daniel McIntyre","Downtown West","Downtown"
"46110087",628,"Daniel McIntyre","Downtown West","Downtown"
"46110088",539,"Daniel McIntyre","Downtown West","Downtown"
"46110089",515,"Daniel McIntyre","Downtown West","Downtown"
"46110090",476,"Daniel McIntyre","Downtown West","Downtown"
"46110091",617,"Sargent Park","Downtown West","Downtown"
"46110092",482,"Minto","Downtown West","Downtown"
"46110093",404,"St. Matthews","Downtown West","Downtown"
"46110094",678,"St. Matthews","Downtown West","Downtown"
"46110095",442,"St. Matthews","Downtown West","Downtown"
"46110096",489,"St. Matthews","Downtown West","Downtown"
"46110097",498,"St. Matthews","Downtown West","Downtown"
"46110098",431,"St. Matthews","Downtown West","Downtown"
"46110099",433,"St. Matthews","Downtown West","Downtown"
"46110100",645,"St. Matthews","Downtown West","Downtown"
"46110101",402,"St. Matthews","Downtown West","Downtown"
"46110102",408,"St. Matthews","Downtown West","Downtown"
"46110103",220,"St. Matthews","Downtown West","Downtown"
"46110104",649,"St. Matthews","Downtown West","Downtown"
"46110105",499,"Minto","Downtown West","Downtown"
"46110106",680,"Minto","Downtown West","Downtown"
"46110107",530,"Minto","Downtown West","Downtown"
"46110108",564,"Wolseley","Downtown West","Downtown"
"46110109",603,"Wolseley","Downtown West","Downtown"
"46110110",427,"Minto","Downtown West","Downtown"
"46110111",674,"Wolseley","Downtown West","Downtown"
"46110112",525,"Wolseley","Downtown West","Downtown"
"46110113",775,"Polo Park","Downtown West","Downtown"
"46110114",455,"Minto","Downtown West","Downtown"
"46110115",437,"Minto","Downtown West","Downtown"
"46110116",500,"Minto","Downtown West","Downtown"
"46110117",591,"Polo Park","Downtown West","Downtown"
"46110118",677,"Sargent Park","Downtown West","Downtown"
"46110119",446,"St. James Industrial","St. James-Assiniboia East","St. James-Assiniboia"
"46110120",725,"Sargent Park","Downtown West","Downtown"
"46110121",808,"Sargent Park","Downtown West","Downtown"
"46110122",454,"Minto","Downtown West","Downtown"
"46110123",618,"Sargent Park","Downtown West","Downtown"
"46110124",448,"Daniel McIntyre","Downtown West","Downtown"
"46110125",475,"Daniel McIntyre","Downtown West","Downtown"
"46110126",607,"Daniel McIntyre","Downtown West","Downtown"
"46110127",532,"Daniel McIntyre","Downtown West","Downtown"
"46110128",303,"Daniel McIntyre","Downtown West","Downtown"
"46110129",589,"Daniel McIntyre","Downtown West","Downtown"
"46110130",588,"Daniel McIntyre","Downtown West","Downtown"
"46110131",415,"Spence","Downtown East","Downtown"
"46110132",558,"Daniel McIntyre","Downtown West","Downtown"
"46110133",310,"Daniel McIntyre","Downtown West","Downtown"
"46110134",510,"Daniel McIntyre","Downtown West","Downtown"
"46110135",393,"West Alexander","Downtown East","Downtown"
"46110136",589,"West Alexander","Downtown East","Downtown"
"46110137",483,"West Alexander","Downtown East","Downtown"
"46110138",744,"Daniel McIntyre","Downtown West","Downtown"
"46110139",366,"Daniel McIntyre","Downtown West","Downtown"
"46110140",337,"Daniel McIntyre","Downtown West","Downtown"
"46110141",603,"Sargent Park","Downtown West","Downtown"
"46110142",685,"Sargent Park","Downtown West","Downtown"
"46110143",516,"Sargent Park","Downtown West","Downtown"
"46110144",677,"Pacific Industrial","Inkster East","Inkster"
"46110145",547,"St. James Industrial","St. James-Assiniboia East","St. James-Assiniboia"
"46110146",744,"Weston","Inkster East","Inkster"
"46110147",589,"Weston","Inkster East","Inkster"
"46110148",655,"Weston","Inkster East","Inkster"
"46110149",598,"Weston","Inkster East","Inkster"
"46110150",703,"Weston","Inkster East","Inkster"
"46110152",652,"Weston","Inkster East","Inkster"
"46110153",643,"Weston","Inkster East","Inkster"
"46110155",485,"Weston Shops","Inkster East","Inkster"
"46110156",355,"Shaughnessy Park","Inkster East","Inkster"
"46110157",566,"Burrows-Keewatin","Inkster East","Inkster"
"46110158",495,"Burrows-Keewatin","Inkster East","Inkster"
"46110160",440,"Burrows-Keewatin","Inkster East","Inkster"
"46110162",553,"Inkster Industrial Park","Inkster East","Inkster"
"46110163",1310,"Mynarski","Point Douglas North","Point Douglas"
"46110164",646,"Shaughnessy Park","Inkster East","Inkster"
"46110165",645,"Robertson","Point Douglas North","Point Douglas"
"46110166",657,"Burrows Central","Point Douglas North","Point Douglas"
"46110167",620,"Burrows Central","Point Douglas North","Point Douglas"
"46110168",598,"Burrows Central","Point Douglas North","Point Douglas"
"46110169",826,"Burrows Central","Point Douglas North","Point Douglas"
"46110170",730,"Burrows Central","Point Douglas North","Point Douglas"
"46110171",663,"Dufferin","Point Douglas South","Point Douglas"
"46110172",614,"Shaughnessy Park","Inkster East","Inkster"
"46110173",813,"Shaughnessy Park","Inkster East","Inkster"
"46110174",442,"Logan-C.P.R.","Downtown East","Downtown"
"46110175",599,"West Alexander","Downtown East","Downtown"
"46110176",722,"Centennial","Downtown East","Downtown"
"46110177",957,"The Maples","Seven Oaks West","Seven Oaks"
"46110178",520,"The Maples","Seven Oaks West","Seven Oaks"
"46110179",529,"The Maples","Seven Oaks West","Seven Oaks"
"46110180",541,"The Maples","Seven Oaks West","Seven Oaks"
"46110181",810,"The Maples","Seven Oaks West","Seven Oaks"
"46110182",599,"The Maples","Seven Oaks West","Seven Oaks"
"46110183",455,"The Maples","Seven Oaks West","Seven Oaks"
"46110184",559,"The Maples","Seven Oaks West","Seven Oaks"
"46110185",452,"The Maples","Seven Oaks West","Seven Oaks"
"46110186",627,"The Maples","Seven Oaks West","Seven Oaks"
"46110187",596,"The Maples","Seven Oaks West","Seven Oaks"
"46110188",729,"The Maples","Seven Oaks West","Seven Oaks"
"46110189",587,"Mandalay West","Seven Oaks West","Seven Oaks"
"46110190",724,"Mandalay West","Seven Oaks West","Seven Oaks"
"46110191",596,"Mandalay West","Seven Oaks West","Seven Oaks"
"46110192",262,"Mandalay West","Seven Oaks West","Seven Oaks"
"46110193",1817,"Mandalay West","Seven Oaks West","Seven Oaks"
"46110194",602,"Mandalay West","Seven Oaks West","Seven Oaks"
"46110195",350,"Mandalay West","Seven Oaks West","Seven Oaks"
"46110196",485,"Mandalay West","Seven Oaks West","Seven Oaks"
"46110197",558,"Inkster Gardens","Inkster West","Inkster"
"46110198",421,"Inkster Gardens","Inkster West","Inkster"
"46110199",274,"Inkster Gardens","Inkster West","Inkster"
"46110200",585,"Inkster Gardens","Inkster West","Inkster"
"46110201",705,"Inkster Gardens","Inkster West","Inkster"
"46110202",579,"Tyndall Park","Inkster West","Inkster"
"46110203",537,"Tyndall Park","Inkster West","Inkster"
"46110204",417,"Tyndall Park","Inkster West","Inkster"
"46110205",456,"Tyndall Park","Inkster West","Inkster"
"46110206",521,"Tyndall Park","Inkster West","Inkster"
"46110207",403,"Tyndall Park","Inkster West","Inkster"
"46110208",384,"Tyndall Park","Inkster West","Inkster"
"46110209",583,"Tyndall Park","Inkster West","Inkster"
"46110210",484,"Tyndall Park","Inkster West","Inkster"
"46110211",603,"Tyndall Park","Inkster West","Inkster"
"46110212",494,"Tyndall Park","Inkster West","Inkster"
"46110213",334,"Tyndall Park","Inkster West","Inkster"
"46110214",436,"Tyndall Park","Inkster West","Inkster"
"46110215",420,"Tyndall Park","Inkster West","Inkster"
"46110216",382,"Tyndall Park","Inkster West","Inkster"
"46110217",424,"Tyndall Park","Inkster West","Inkster"
"46110218",573,"Tyndall Park","Inkster West","Inkster"
"46110219",707,"Tyndall Park","Inkster West","Inkster"
"46110220",619,"Tyndall Park","Inkster West","Inkster"
"46110221",484,"Tyndall Park","Inkster West","Inkster"
"46110222",403,"Tyndall Park","Inkster West","Inkster"
"46110223",585,"Tyndall Park","Inkster West","Inkster"
"46110224",519,"Oak Point Highway","Inkster West","Inkster"
"46110225",443,"Tyndall Park","Inkster West","Inkster"
"46110226",603,"Oak Point Highway","Inkster West","Inkster"
"46110227",624,"Omand's Creek Industrial","St. James-Assiniboia East","St. James-Assiniboia"
"46110228",550,"Oak Point Highway","Inkster West","Inkster"
"46110229",600,"Brooklands","Inkster East","Inkster"
"46110230",647,"Brooklands","Inkster East","Inkster"
"46110231",693,"Brooklands","Inkster East","Inkster"
"46110238",475,"St. James Industrial","St. James-Assiniboia East","St. James-Assiniboia"
"46110239",712,"King Edward","St. James-Assiniboia East","St. James-Assiniboia"
"46110240",751,"King Edward","St. James-Assiniboia East","St. James-Assiniboia"
"46110241",496,"King Edward","St. James-Assiniboia East","St. James-Assiniboia"
"46110242",456,"King Edward","St. James-Assiniboia East","St. James-Assiniboia"
"46110243",550,"King Edward","St. James-Assiniboia East","St. James-Assiniboia"
"46110244",614,"King Edward","St. James-Assiniboia East","St. James-Assiniboia"
"46110245",339,"Polo Park","Downtown West","Downtown"
"46110246",590,"Kensington","St. James-Assiniboia East","St. James-Assiniboia"
"46110247",629,"Bruce Park","St. James-Assiniboia East","St. James-Assiniboia"
"46110248",504,"Bruce Park","St. James-Assiniboia East","St. James-Assiniboia"
"46110249",364,"Bruce Park","St. James-Assiniboia East","St. James-Assiniboia"
"46110250",468,"Bruce Park","St. James-Assiniboia East","St. James-Assiniboia"
"46110251",621,"King Edward","St. James-Assiniboia East","St. James-Assiniboia"
"46110252",503,"King Edward","St. James-Assiniboia East","St. James-Assiniboia"
"46110253",556,"King Edward","St. James-Assiniboia East","St. James-Assiniboia"
"46110254",603,"Deer Lodge","St. James-Assiniboia East","St. James-Assiniboia"
"46110255",451,"Deer Lodge","St. James-Assiniboia East","St. James-Assiniboia"
"46110256",482,"Deer Lodge","St. James-Assiniboia East","St. James-Assiniboia"
"46110257",551,"Deer Lodge","St. James-Assiniboia East","St. James-Assiniboia"
"46110258",575,"Deer Lodge","St. James-Assiniboia East","St. James-Assiniboia"
"46110259",480,"Deer Lodge","St. James-Assiniboia East","St. James-Assiniboia"
"46110260",519,"Birchwood","St. James-Assiniboia East","St. James-Assiniboia"
"46110261",555,"Silver Heights","St. James-Assiniboia East","St. James-Assiniboia"
"46110262",598,"Silver Heights","St. James-Assiniboia East","St. James-Assiniboia"
"46110263",369,"Silver Heights","St. James-Assiniboia East","St. James-Assiniboia"
"46110264",554,"Silver Heights","St. James-Assiniboia East","St. James-Assiniboia"
"46110265",605,"Silver Heights","St. James-Assiniboia East","St. James-Assiniboia"
"46110266",593,"Silver Heights","St. James-Assiniboia East","St. James-Assiniboia"
"46110267",416,"Jameswood","St. James-Assiniboia East","St. James-Assiniboia"
"46110272",427,"Jameswood","St. James-Assiniboia East","St. James-Assiniboia"
"46110273",553,"Jameswood","St. James-Assiniboia East","St. James-Assiniboia"
"46110274",937,"Silver Heights","St. James-Assiniboia East","St. James-Assiniboia"
"46110275",287,"Booth","St. James-Assiniboia East","St. James-Assiniboia"
"46110276",555,"Booth","St. James-Assiniboia East","St. James-Assiniboia"
"46110277",411,"Booth","St. James-Assiniboia East","St. James-Assiniboia"
"46110278",385,"Booth","St. James-Assiniboia East","St. James-Assiniboia"
"46110279",511,"Booth","St. James-Assiniboia East","St. James-Assiniboia"
"46110280",617,"Airport","St. James-Assiniboia West","St. James-Assiniboia"
"46110281",798,"Airport","St. James-Assiniboia West","St. James-Assiniboia"
"46110282",697,"Airport","St. James-Assiniboia West","St. James-Assiniboia"
"46110283",402,"Airport","St. James-Assiniboia West","St. James-Assiniboia"
"46110284",517,"Airport","St. James-Assiniboia West","St. James-Assiniboia"
"46110285",389,"Airport","St. James-Assiniboia West","St. James-Assiniboia"
"46110286",382,"Airport","St. James-Assiniboia West","St. James-Assiniboia"
"46110287",227,"Airport","St. James-Assiniboia West","St. James-Assiniboia"
"46110288",886,"Airport","St. James-Assiniboia West","St. James-Assiniboia"
"46110289",429,"Airport","St. James-Assiniboia West","St. James-Assiniboia"
"46110291",374,"Airport","St. James-Assiniboia West","St. James-Assiniboia"
"46110292",562,"Airport","St. James-Assiniboia West","St. James-Assiniboia"
"46110293",650,"Airport","St. James-Assiniboia West","St. James-Assiniboia"
"46110294",520,"Airport","St. James-Assiniboia West","St. James-Assiniboia"
"46110295",628,"Airport","St. James-Assiniboia West","St. James-Assiniboia"
"46110296",384,"Airport","St. James-Assiniboia West","St. James-Assiniboia"
"46110297",519,"Airport","St. James-Assiniboia West","St. James-Assiniboia"
"46110298",472,"Airport","St. James-Assiniboia West","St. James-Assiniboia"
"46110299",642,"Airport","St. James-Assiniboia West","St. James-Assiniboia"
"46110300",601,"Airport","St. James-Assiniboia West","St. James-Assiniboia"
"46110301",1215,"Airport","St. James-Assiniboia West","St. James-Assiniboia"
"46110302",771,"Murray Industrial Park","St. James-Assiniboia East","St. James-Assiniboia"
"46110303",1129,"Booth","St. James-Assiniboia East","St. James-Assiniboia"
"46110306",352,"Saskatchewan North","St. James-Assiniboia West","St. James-Assiniboia"
"46110307",436,"Buchanan","St. James-Assiniboia West","St. James-Assiniboia"
"46110308",347,"Buchanan","St. James-Assiniboia West","St. James-Assiniboia"
"46110309",472,"Buchanan","St. James-Assiniboia West","St. James-Assiniboia"
"46110310",630,"Buchanan","St. James-Assiniboia West","St. James-Assiniboia"
"46110312",789,"Airport","St. James-Assiniboia West","St. James-Assiniboia"
"46110313",789,"Airport","St. James-Assiniboia West","St. James-Assiniboia"
"46110314",526,"Westwood","St. James-Assiniboia West","St. James-Assiniboia"
"46110315",610,"Westwood","St. James-Assiniboia West","St. James-Assiniboia"
"46110316",601,"Westwood","St. James-Assiniboia West","St. James-Assiniboia"
"46110317",435,"Westwood","St. James-Assiniboia West","St. James-Assiniboia"
"46110318",412,"Westwood","St. James-Assiniboia West","St. James-Assiniboia"
"46110319",651,"Westwood","St. James-Assiniboia West","St. James-Assiniboia"
"46110320",501,"Westwood","St. James-Assiniboia West","St. James-Assiniboia"
"46110321",446,"Westwood","St. James-Assiniboia West","St. James-Assiniboia"
"46110322",547,"Westwood","St. James-Assiniboia West","St. James-Assiniboia"
"46110323",458,"Westwood","St. James-Assiniboia West","St. James-Assiniboia"
"46110324",529,"Westwood","St. James-Assiniboia West","St. James-Assiniboia"
"46110325",685,"Kirkfield","St. James-Assiniboia West","St. James-Assiniboia"
"46110326",529,"Kirkfield","St. James-Assiniboia West","St. James-Assiniboia"
"46110327",628,"Kirkfield","St. James-Assiniboia West","St. James-Assiniboia"
"46110328",486,"Kirkfield","St. James-Assiniboia West","St. James-Assiniboia"
"46110329",1051,"Airport","St. James-Assiniboia West","St. James-Assiniboia"
"46110330",845,"Airport","St. James-Assiniboia West","St. James-Assiniboia"
"46110331",162,"Airport","St. James-Assiniboia West","St. James-Assiniboia"
"46110332",811,"Kirkfield","St. James-Assiniboia West","St. James-Assiniboia"
"46110333",433,"Airport","St. James-Assiniboia West","St. James-Assiniboia"
"46110334",358,"Airport","St. James-Assiniboia West","St. James-Assiniboia"
"46110335",299,"Airport","St. James-Assiniboia West","St. James-Assiniboia"
"46110336",446,"Airport","St. James-Assiniboia West","St. James-Assiniboia"
"46110337",593,"Woodhaven","St. James-Assiniboia East","St. James-Assiniboia"
"46110338",362,"Woodhaven","St. James-Assiniboia East","St. James-Assiniboia"
"46110339",564,"Booth","St. James-Assiniboia East","St. James-Assiniboia"
"46110340",1204,"Booth","St. James-Assiniboia East","St. James-Assiniboia"
"46110341",610,"Booth","St. James-Assiniboia East","St. James-Assiniboia"
"46110342",510,"Silver Heights","St. James-Assiniboia East","St. James-Assiniboia"
"46110343",733,"Birchwood","St. James-Assiniboia East","St. James-Assiniboia"
"46110344",562,"Silver Heights","St. James-Assiniboia East","St. James-Assiniboia"
"46110345",429,"Silver Heights","St. James-Assiniboia East","St. James-Assiniboia"
"46110346",451,"Vialoux","Assiniboine South","Assiniboine South"
"46110347",468,"Vialoux","Assiniboine South","Assiniboine South"
"46110348",392,"Varsity View","Assiniboine South","Assiniboine South"
"46110349",426,"Varsity View","Assiniboine South","Assiniboine South"
"46110350",742,"Varsity View","Assiniboine South","Assiniboine South"
"46110351",405,"Varsity View","Assiniboine South","Assiniboine South"
"46110352",639,"Elmhurst","Assiniboine South","Assiniboine South"
"46110353",555,"Elmhurst","Assiniboine South","Assiniboine South"
"46110354",472,"Elmhurst","Assiniboine South","Assiniboine South"
"46110355",265,"Eric Coy","Assiniboine South","Assiniboine South"
"46110356",463,"Elmhurst","Assiniboine South","Assiniboine South"
"46110357",421,"Elmhurst","Assiniboine South","Assiniboine South"
"46110358",426,"Ridgewood South","Assiniboine South","Assiniboine South"
"46110359",684,"Elmhurst","Assiniboine South","Assiniboine South"
"46110360",386,"Elmhurst","Assiniboine South","Assiniboine South"
"46110361",1000,"Assiniboine Park","Assiniboine South","Assiniboine South"
"46110362",492,"South Tuxedo","Assiniboine South","Assiniboine South"
"46110363",379,"South Tuxedo","Assiniboine South","Assiniboine South"
"46110364",463,"South Tuxedo","Assiniboine South","Assiniboine South"
"46110365",453,"South Tuxedo","Assiniboine South","Assiniboine South"
"46110366",842,"South Tuxedo","Assiniboine South","Assiniboine South"
"46110367",70,"South Tuxedo","Assiniboine South","Assiniboine South"
"46110368",1342,"Mathers","River Heights West","River Heights"
"46110370",405,"J. B. Mitchell","River Heights West","River Heights"
"46110371",650,"J. B. Mitchell","River Heights West","River Heights"
"46110373",500,"Sir John Franklin","River Heights West","River Heights"
"46110374",489,"Sir John Franklin","River Heights West","River Heights"
"46110375",509,"Sir John Franklin","River Heights West","River Heights"
"46110376",519,"Sir John Franklin","River Heights West","River Heights"
"46110377",404,"Sir John Franklin","River Heights West","River Heights"
"46110378",541,"North River Heights","River Heights West","River Heights"
"46110379",475,"Wellington Crescent","River Heights West","River Heights"
"46110380",467,"North River Heights","River Heights West","River Heights"
"46110381",400,"North River Heights","River Heights West","River Heights"
"46110382",560,"North River Heights","River Heights West","River Heights"
"46110383",532,"North River Heights","River Heights West","River Heights"
"46110384",410,"North River Heights","River Heights West","River Heights"
"46110385",509,"North River Heights","River Heights West","River Heights"
"46110386",512,"Crescentwood","River Heights West","River Heights"
"46110387",509,"Crescentwood","River Heights West","River Heights"
"46110388",444,"Crescentwood","River Heights West","River Heights"
"46110389",559,"Rockwood","River Heights West","River Heights"
"46110390",514,"Crescentwood","River Heights West","River Heights"
"46110391",551,"Earl Grey","River Heights West","River Heights"
"46110392",509,"Earl Grey","River Heights West","River Heights"
"46110393",500,"Earl Grey","River Heights West","River Heights"
"46110394",428,"Earl Grey","River Heights West","River Heights"
"46110395",459,"McMillan","River Heights East","River Heights"
"46110396",485,"McMillan","River Heights East","River Heights"
"46110397",987,"Roslyn","River Heights East","River Heights"
"46110398",502,"McMillan","River Heights East","River Heights"
"46110399",536,"Roslyn","River Heights East","River Heights"
"46110402",869,"Roslyn","River Heights East","River Heights"
"46110403",674,"McMillan","River Heights East","River Heights"
"46110404",1042,"River-Osborne","River Heights East","River Heights"
"46110405",763,"River-Osborne","River Heights East","River Heights"
"46110406",692,"River-Osborne","River Heights East","River Heights"
"46110407",608,"River-Osborne","River Heights East","River Heights"
"46110408",978,"River-Osborne","River Heights East","River Heights"
"46110409",642,"River-Osborne","River Heights East","River Heights"
"46110410",354,"McMillan","River Heights East","River Heights"
"46110411",436,"McMillan","River Heights East","River Heights"
"46110412",386,"Earl Grey","River Heights West","River Heights"
"46110413",391,"McMillan","River Heights East","River Heights"
"46110414",554,"Earl Grey","River Heights West","River Heights"
"46110415",566,"Earl Grey","River Heights West","River Heights"
"46110416",552,"Ebby-Wentworth","River Heights West","River Heights"
"46110417",518,"Earl Grey","River Heights West","River Heights"
"46110418",588,"Ebby-Wentworth","River Heights West","River Heights"
"46110419",692,"Grant Park","River Heights West","River Heights"
"46110420",727,"Rockwood","River Heights West","River Heights"
"46110421",425,"Grant Park","River Heights West","River Heights"
"46110422",569,"Rockwood","River Heights West","River Heights"
"46110423",544,"Rockwood","River Heights West","River Heights"
"46110424",634,"Rockwood","River Heights West","River Heights"
"46110425",488,"Rockwood","River Heights West","River Heights"
"46110426",469,"Rockwood","River Heights West","River Heights"
"46110427",564,"Rockwood","River Heights West","River Heights"
"46110428",516,"Grant Park","River Heights West","River Heights"
"46110429",685,"Grant Park","River Heights West","River Heights"
"46110430",547,"Beaumont","Fort Garry North","Fort Garry"
"46110431",593,"Beaumont","Fort Garry North","Fort Garry"
"46110432",580,"Beaumont","Fort Garry North","Fort Garry"
"46110433",613,"Maybank","Fort Garry North","Fort Garry"
"46110434",467,"Maybank","Fort Garry North","Fort Garry"
"46110435",403,"Maybank","Fort Garry North","Fort Garry"
"46110436",662,"Maybank","Fort Garry North","Fort Garry"
"46110437",420,"Crescent Park","Fort Garry North","Fort Garry"
"46110438",435,"Crescent Park","Fort Garry North","Fort Garry"
"46110439",495,"Crescent Park","Fort Garry North","Fort Garry"
"46110440",471,"Crescent Park","Fort Garry North","Fort Garry"
"46110441",598,"Point Road","Fort Garry North","Fort Garry"
"46110442",441,"Point Road","Fort Garry North","Fort Garry"
"46110443",392,"Point Road","Fort Garry North","Fort Garry"
"46110444",551,"Wildwood","Fort Garry North","Fort Garry"
"46110445",433,"Lord Roberts","River Heights East","River Heights"
"46110446",472,"Lord Roberts","River Heights East","River Heights"
"46110447",450,"Lord Roberts","River Heights East","River Heights"
"46110448",916,"Lord Roberts","River Heights East","River Heights"
"46110449",521,"Lord Roberts","River Heights East","River Heights"
"46110450",660,"Lord Roberts","River Heights East","River Heights"
"46110451",520,"Lord Roberts","River Heights East","River Heights"
"46110452",646,"Riverview","River Heights East","River Heights"
"46110453",476,"Riverview","River Heights East","River Heights"
"46110454",481,"Riverview","River Heights East","River Heights"
"46110455",536,"Riverview","River Heights East","River Heights"
"46110456",365,"Riverview","River Heights East","River Heights"
"46110457",787,"Riverview","River Heights East","River Heights"
"46110458",488,"Riverview","River Heights East","River Heights"
"46110459",434,"Riverview","River Heights East","River Heights"
"46110460",372,"Lord Roberts","River Heights East","River Heights"
"46110461",347,"Lord Roberts","River Heights East","River Heights"
"46110462",413,"Lord Roberts","River Heights East","River Heights"
"46110463",436,"Riverview","River Heights East","River Heights"
"46110464",740,"Kingston Crescent","St. Vital North","St. Vital"
"46110464",740,"Wildwood","Fort Garry North","Fort Garry"
"46110465",423,"Wildwood","Fort Garry North","Fort Garry"
"46110466",743,"Wildwood","Fort Garry North","Fort Garry"
"46110467",467,"Victoria Crescent","St. Vital North","St. Vital"
"46110468",468,"Pulberry","St. Vital North","St. Vital"
"46110469",428,"Pulberry","St. Vital North","St. Vital"
"46110470",572,"Pulberry","St. Vital North","St. Vital"
"46110471",637,"Pulberry","St. Vital North","St. Vital"
"46110472",622,"Pulberry","St. Vital North","St. Vital"
"46110473",518,"Pulberry","St. Vital North","St. Vital"
"46110474",712,"Worthington","St. Vital North","St. Vital"
"46110477",528,"Meadowood","St. Vital South","St. Vital"
"46110478",556,"Meadowood","St. Vital South","St. Vital"
"46110479",439,"Meadowood","St. Vital South","St. Vital"
"46110480",416,"Meadowood","St. Vital South","St. Vital"
"46110481",507,"Meadowood","St. Vital South","St. Vital"
"46110482",460,"Meadowood","St. Vital South","St. Vital"
"46110483",483,"Dakota Crossing","St. Vital South","St. Vital"
"46110484",761,"Dakota Crossing","St. Vital South","St. Vital"
"46110485",246,"Dakota Crossing","St. Vital South","St. Vital"
"46110486",801,"Dakota Crossing","St. Vital South","St. Vital"
"46110487",474,"Dakota Crossing","St. Vital South","St. Vital"
"46110488",458,"Dakota Crossing","St. Vital South","St. Vital"
"46110489",439,"Dakota Crossing","St. Vital South","St. Vital"
"46110491",450,"Dakota Crossing","St. Vital South","St. Vital"
"46110492",544,"River Park South","St. Vital South","St. Vital"
"46110493",292,"River Park South","St. Vital South","St. Vital"
"46110494",529,"River Park South","St. Vital South","St. Vital"
"46110495",506,"River Park South","St. Vital South","St. Vital"
"46110496",504,"River Park South","St. Vital South","St. Vital"
"46110497",338,"River Park South","St. Vital South","St. Vital"
"46110500",928,"River Park South","St. Vital South","St. Vital"
"46110501",1135,"River Park South","St. Vital South","St. Vital"
"46110502",389,"River Park South","St. Vital South","St. Vital"
"46110504",529,"River Park South","St. Vital South","St. Vital"
"46110505",591,"River Park South","St. Vital South","St. Vital"
"46110506",354,"River Park South","St. Vital South","St. Vital"
"46110509",664,"St. Vital Perimeter South","St. Vital South","St. Vital"
"46110514",947,"Island Lakes","St. Boniface East","St. Boniface"
"46110515",1077,"Southdale","St. Boniface East","St. Boniface"
"46110516",276,"Southdale","St. Boniface East","St. Boniface"
"46110517",1083,"Southdale","St. Boniface East","St. Boniface"
"46110519",514,"Southdale","St. Boniface East","St. Boniface"
"46110521",586,"Windsor Park","St. Boniface East","St. Boniface"
"46110522",488,"Windsor Park","St. Boniface East","St. Boniface"
"46110523",263,"Windsor Park","St. Boniface East","St. Boniface"
"46110524",631,"Windsor Park","St. Boniface East","St. Boniface"
"46110525",556,"Windsor Park","St. Boniface East","St. Boniface"
"46110526",389,"Windsor Park","St. Boniface East","St. Boniface"
"46110527",501,"Windsor Park","St. Boniface East","St. Boniface"
"46110528",608,"Windsor Park","St. Boniface East","St. Boniface"
"46110529",514,"Windsor Park","St. Boniface East","St. Boniface"
"46110530",679,"Windsor Park","St. Boniface East","St. Boniface"
"46110531",355,"Windsor Park","St. Boniface East","St. Boniface"
"46110532",400,"Windsor Park","St. Boniface East","St. Boniface"
"46110533",571,"Windsor Park","St. Boniface East","St. Boniface"
"46110534",726,"Maginot","St. Boniface East","St. Boniface"
"46110535",419,"Windsor Park","St. Boniface East","St. Boniface"
"46110536",736,"Maginot","St. Boniface East","St. Boniface"
"46110538",677,"Archwood","St. Boniface East","St. Boniface"
"46110539",713,"Archwood","St. Boniface East","St. Boniface"
"46110540",684,"Norwood East","St. Boniface West","St. Boniface"
"46110541",556,"Norwood East","St. Boniface West","St. Boniface"
"46110542",459,"Norwood East","St. Boniface West","St. Boniface"
"46110543",568,"Norwood East","St. Boniface West","St. Boniface"
"46110544",473,"Norwood East","St. Boniface West","St. Boniface"
"46110545",600,"Central St. Boniface","St. Boniface West","St. Boniface"
"46110546",464,"Central St. Boniface","St. Boniface West","St. Boniface"
"46110547",464,"Central St. Boniface","St. Boniface West","St. Boniface"
"46110548",450,"Central St. Boniface","St. Boniface West","St. Boniface"
"46110549",510,"Central St. Boniface","St. Boniface West","St. Boniface"
"46110550",650,"Central St. Boniface","St. Boniface West","St. Boniface"
"46110551",449,"Central St. Boniface","St. Boniface West","St. Boniface"
"46110552",367,"Central St. Boniface","St. Boniface West","St. Boniface"
"46110553",524,"Central St. Boniface","St. Boniface West","St. Boniface"
"46110554",674,"Norwood East","St. Boniface West","St. Boniface"
"46110555",498,"Norwood West","St. Boniface West","St. Boniface"
"46110556",474,"Norwood West","St. Boniface West","St. Boniface"
"46110557",537,"Norwood West","St. Boniface West","St. Boniface"
"46110558",545,"Norwood West","St. Boniface West","St. Boniface"
"46110559",470,"Norwood West","St. Boniface West","St. Boniface"
"46110560",385,"Norwood West","St. Boniface West","St. Boniface"
"46110561",467,"Norwood East","St. Boniface West","St. Boniface"
"46110562",535,"Glenwood","St. Vital North","St. Vital"
"46110563",439,"Glenwood","St. Vital North","St. Vital"
"46110564",577,"Glenwood","St. Vital North","St. Vital"
"46110565",554,"Glenwood","St. Vital North","St. Vital"
"46110566",525,"Glenwood","St. Vital North","St. Vital"
"46110567",449,"Glenwood","St. Vital North","St. Vital"
"46110568",474,"Glenwood","St. Vital North","St. Vital"
"46110569",603,"Glenwood","St. Vital North","St. Vital"
"46110570",949,"Alpine Place","St. Vital North","St. Vital"
"46110571",770,"Alpine Place","St. Vital North","St. Vital"
"46110572",1091,"Alpine Place","St. Vital North","St. Vital"
"46110573",911,"Alpine Place","St. Vital North","St. Vital"
"46110574",528,"Lavalee","St. Vital North","St. Vital"
"46110575",452,"St. George","St. Vital North","St. Vital"
"46110576",433,"Worthington","St. Vital North","St. Vital"
"46110577",448,"Worthington","St. Vital North","St. Vital"
"46110578",998,"Worthington","St. Vital North","St. Vital"
"46110580",646,"Lavalee","St. Vital North","St. Vital"
"46110581",411,"Lavalee","St. Vital North","St. Vital"
"46110584",633,"Southdale","St. Boniface East","St. Boniface"
"46110585",468,"Niakwa Place","St. Boniface East","St. Boniface"
"46110586",769,"Niakwa Place","St. Boniface East","St. Boniface"
"46110587",815,"Southdale","St. Boniface East","St. Boniface"
"46110588",252,"Niakwa Place","St. Boniface East","St. Boniface"
"46110589",830,"Niakwa Park","St. Boniface East","St. Boniface"
"46110591",869,"Windsor Park","St. Boniface East","St. Boniface"
"46110592",480,"Windsor Park","St. Boniface East","St. Boniface"
"46110594",252,"Island Lakes","St. Boniface East","St. Boniface"
"46110595",564,"Meadowood","St. Vital South","St. Vital"
"46110596",361,"Meadowood","St. Vital South","St. Vital"
"46110597",1107,"Meadowood","St. Vital South","St. Vital"
"46110598",517,"Meadowood","St. Vital South","St. Vital"
"46110599",685,"Meadowood","St. Vital South","St. Vital"
"46110600",518,"Dakota Crossing","St. Vital South","St. Vital"
"46110601",723,"Dakota Crossing","St. Vital South","St. Vital"
"46110602",461,"Worthington","St. Vital North","St. Vital"
"46110603",479,"St. George","St. Vital North","St. Vital"
"46110604",490,"Norberry","St. Vital North","St. Vital"
"46110605",533,"Pulberry","St. Vital North","St. Vital"
"46110606",431,"Norberry","St. Vital North","St. Vital"
"46110607",336,"Norberry","St. Vital North","St. Vital"
"46110608",309,"St. George","St. Vital North","St. Vital"
"46110609",476,"St. George","St. Vital North","St. Vital"
"46110610",348,"St. George","St. Vital North","St. Vital"
"46110611",445,"St. George","St. Vital North","St. Vital"
"46110612",488,"St. George","St. Vital North","St. Vital"
"46110613",522,"Varennes","St. Vital North","St. Vital"
"46110614",420,"Elm Park","St. Vital North","St. Vital"
"46110615",623,"Elm Park","St. Vital North","St. Vital"
"46110616",372,"Varennes","St. Vital North","St. Vital"
"46110617",524,"Elm Park","St. Vital North","St. Vital"
"46110618",365,"River-Osborne","River Heights East","River Heights"
"46110630",678,"South Portage","Downtown East","Downtown"
"46110631",1221,"South Portage","Downtown East","Downtown"
"46110632",1203,"Portage-Ellice","Downtown East","Downtown"
"46110633",227,"Portage-Ellice","Downtown East","Downtown"
"46110634",1037,"Spence","Downtown East","Downtown"
"46110635",656,"Colony","Downtown East","Downtown"
"46110636",748,"West Broadway","Downtown East","Downtown"
"46110637",527,"West Broadway","Downtown East","Downtown"
"46110638",681,"West Broadway","Downtown East","Downtown"
"46110639",672,"Legislature","Downtown East","Downtown"
"46110640",555,"West Broadway","Downtown East","Downtown"
"46110641",555,"West Broadway","Downtown East","Downtown"
"46110642",652,"West Broadway","Downtown East","Downtown"
"46110643",603,"West Broadway","Downtown East","Downtown"
"46110644",420,"Wolseley","Downtown West","Downtown"
"46110645",504,"Wolseley","Downtown West","Downtown"
"46110646",370,"Wolseley","Downtown West","Downtown"
"46110647",450,"Wolseley","Downtown West","Downtown"
"46110648",705,"Wolseley","Downtown West","Downtown"
"46110649",482,"Wolseley","Downtown West","Downtown"
"46110650",539,"Wolseley","Downtown West","Downtown"
"46110651",411,"Wolseley","Downtown West","Downtown"
"46110652",389,"Wolseley","Downtown West","Downtown"
"46110653",443,"Wolseley","Downtown West","Downtown"
"46110654",410,"Wolseley","Downtown West","Downtown"
"46110655",557,"Wolseley","Downtown West","Downtown"
"46110656",501,"Wolseley","Downtown West","Downtown"
"46110657",483,"Armstrong Point","Downtown East","Downtown"
"46110658",468,"West Broadway","Downtown East","Downtown"
"46110659",595,"Crescentwood","River Heights West","River Heights"
"46110660",517,"Crescentwood","River Heights West","River Heights"
"46110661",427,"McMillan","River Heights East","River Heights"
"46110662",478,"Wellington Crescent","River Heights West","River Heights"
"46110663",392,"North River Heights","River Heights West","River Heights"
"46110664",460,"North River Heights","River Heights West","River Heights"
"46110665",507,"Wellington Crescent","River Heights West","River Heights"
"46110666",913,"Central Park","Downtown East","Downtown"
"46110667",850,"West Alexander","Downtown East","Downtown"
"46110668",508,"China Town","Downtown East","Downtown"
"46110669",1350,"South Point Douglas","Point Douglas South","Point Douglas"
"46110670",531,"North Point Douglas","Point Douglas South","Point Douglas"
"46110671",661,"North Point Douglas","Point Douglas South","Point Douglas"
"46110672",552,"North Point Douglas","Point Douglas South","Point Douglas"
"46110674",443,"Glenelm","River East South","River East"
"46110676",532,"Glenelm","River East South","River East"
"46110677",441,"Glenelm","River East South","River East"
"46110678",549,"Glenelm","River East South","River East"
"46110679",620,"Chalmers","River East South","River East"
"46110680",455,"Glenelm","River East South","River East"
"46110681",473,"Chalmers","River East South","River East"
"46110682",569,"Chalmers","River East South","River East"
"46110683",615,"Chalmers","River East South","River East"
"46110684",578,"Chalmers","River East South","River East"
"46110685",280,"North Point Douglas","Point Douglas South","Point Douglas"
"46110686",442,"Chalmers","River East South","River East"
"46110687",657,"Talbot-Grey","River East South","River East"
"46110688",601,"Chalmers","River East South","River East"
"46110689",715,"Talbot-Grey","River East South","River East"
"46110690",668,"Talbot-Grey","River East South","River East"
"46110691",716,"Talbot-Grey","River East South","River East"
"46110692",600,"Munroe East","River East East","River East"
"46110693",565,"Munroe East","River East East","River East"
"46110694",412,"Munroe East","River East East","River East"
"46110695",653,"Munroe East","River East East","River East"
"46110696",487,"Munroe East","River East East","River East"
"46110697",615,"Munroe East","River East East","River East"
"46110698",533,"Valley Gardens","River East East","River East"
"46110699",632,"Munroe West","River East West","River East"
"46110700",525,"Rossmere-B","River East West","River East"
"46110701",525,"Rossmere-B","River East West","River East"
"46110702",665,"Rossmere-B","River East West","River East"
"46110703",659,"Rossmere-B","River East West","River East"
"46110704",639,"Rossmere-B","River East West","River East"
"46110705",417,"Rossmere-B","River East West","River East"
"46110706",565,"Kildonan Drive","River East West","River East"
"46110707",830,"Kildonan Drive","River East West","River East"
"46110708",583,"Kildonan Drive","River East West","River East"
"46110709",482,"Kildonan Drive","River East West","River East"
"46110710",515,"Kildonan Drive","River East West","River East"
"46110711",668,"Rossmere-A","River East West","River East"
"46110712",653,"Rossmere-B","River East West","River East"
"46110713",792,"Rossmere-A","River East West","River East"
"46110714",602,"Rossmere-A","River East West","River East"
"46110715",510,"Kildonan Drive","River East West","River East"
"46110716",431,"Kildonan Drive","River East West","River East"
"46110717",813,"Rossmere-A","River East West","River East"
"46110718",813,"Rossmere-A","River East West","River East"
"46110719",446,"Rossmere-A","River East West","River East"
"46110720",515,"Rossmere-A","River East West","River East"
"46110721",863,"Rossmere-A","River East West","River East"
"46110722",760,"Rossmere-A","River East West","River East"
"46110723",451,"Rossmere-A","River East West","River East"
"46110724",528,"Rossmere-A","River East West","River East"
"46110727",409,"Rossmere-A","River East West","River East"
"46110728",674,"Rossmere-A","River East West","River East"
"46110729",457,"Rossmere-A","River East West","River East"
"46110730",614,"Rossmere-A","River East West","River East"
"46110731",421,"Rossmere-A","River East West","River East"
"46110732",640,"Rossmere-A","River East West","River East"
"46110733",556,"Rossmere-A","River East West","River East"
"46110734",637,"Springfield North","River East East","River East"
"46110735",220,"Springfield North","River East East","River East"
"46110736",428,"Springfield North","River East East","River East"
"46110737",464,"River East","River East West","River East"
"46110738",456,"River East","River East West","River East"
"46110739",709,"River East","River East West","River East"
"46110740",706,"River East","River East West","River East"
"46110741",577,"River East","River East West","River East"
"46110742",559,"River East","River East West","River East"
"46110743",598,"River East","River East West","River East"
"46110744",592,"River East","River East West","River East"
"46110746",656,"River East","River East West","River East"
"46110751",315,"Rossmere-A","River East West","River East"
"46110752",855,"Rossmere-A","River East West","River East"
"46110753",526,"Rossmere-A","River East West","River East"
"46110758",459,"Riverbend","Seven Oaks East","Seven Oaks"
"46110759",897,"Riverbend","Seven Oaks East","Seven Oaks"
"46110760",1063,"Riverbend","Seven Oaks East","Seven Oaks"
"46110762",2017,"Riverbend","Seven Oaks East","Seven Oaks"
"46110763",504,"Margaret Park","Seven Oaks East","Seven Oaks"
"46110765",397,"Margaret Park","Seven Oaks East","Seven Oaks"
"46110766",621,"Margaret Park","Seven Oaks East","Seven Oaks"
"46110767",556,"River East","River East West","River East"
"46110768",368,"River East","River East West","River East"
"46110769",423,"River East","River East West","River East"
"46110770",298,"River East","River East West","River East"
"46110771",465,"River East","River East West","River East"
"46110772",347,"River East","River East West","River East"
"46110773",1791,"Springfield North","River East East","River East"
"46110774",573,"Springfield North","River East East","River East"
"46110775",754,"Springfield North","River East East","River East"
"46110776",402,"Springfield North","River East East","River East"
"46110777",567,"Springfield North","River East East","River East"
"46110778",237,"Springfield North","River East East","River East"
"46110779",560,"McLeod Industrial","River East East","River East"
"46110780",568,"Springfield South","River East East","River East"
"46110781",637,"McLeod Industrial","River East East","River East"
"46110782",333,"Valley Gardens","River East East","River East"
"46110783",381,"Valley Gardens","River East East","River East"
"46110784",715,"Valley Gardens","River East East","River East"
"46110785",470,"Valley Gardens","River East East","River East"
"46110786",562,"Valley Gardens","River East East","River East"
"46110787",395,"Valley Gardens","River East East","River East"
"46110788",322,"Valley Gardens","River East East","River East"
"46110789",657,"Valley Gardens","River East East","River East"
"46110790",419,"Munroe East","River East East","River East"
"46110791",422,"Munroe East","River East East","River East"
"46110792",491,"Munroe East","River East East","River East"
"46110795",636,"Munroe East","River East East","River East"
"46110798",450,"Munroe East","River East East","River East"
"46110799",322,"East Elmwood","River East South","River East"
"46110800",512,"East Elmwood","River East South","River East"
"46110801",602,"East Elmwood","River East South","River East"
"46110802",636,"East Elmwood","River East South","River East"
"46110803",941,"Tyne-Tees","River East South","River East"
"46110804",598,"Tyne-Tees","River East South","River East"
"46110805",729,"North St. Boniface","St. Boniface West","St. Boniface"
"46110806",540,"Tissot","St. Boniface East","St. Boniface"
"46110807",527,"North St. Boniface","St. Boniface West","St. Boniface"
"46110808",752,"North St. Boniface","St. Boniface West","St. Boniface"
"46110809",605,"Central St. Boniface","St. Boniface West","St. Boniface"
"46110810",427,"The Forks","Downtown East","Downtown"
"46110811",422,"Central St. Boniface","St. Boniface West","St. Boniface"
"46110812",874,"Central St. Boniface","St. Boniface West","St. Boniface"
"46110813",535,"Central St. Boniface","St. Boniface West","St. Boniface"
"46110814",318,"Dufresne","St. Boniface East","St. Boniface"
"46110816",481,"Windsor Park","St. Boniface East","St. Boniface"
"46110817",450,"Regent","Transcona","Transcona"
"46110818",262,"Mission Gardens","Transcona","Transcona"
"46110819",856,"Mission Gardens","Transcona","Transcona"
"46110820",530,"Mission Gardens","Transcona","Transcona"
"46110821",1082,"Mission Gardens","Transcona","Transcona"
"46110822",799,"Regent","Transcona","Transcona"
"46110823",642,"Victoria West","Transcona","Transcona"
"46110824",495,"Victoria West","Transcona","Transcona"
"46110825",442,"Radisson","Transcona","Transcona"
"46110826",674,"Radisson","Transcona","Transcona"
"46110827",401,"Radisson","Transcona","Transcona"
"46110828",526,"Radisson","Transcona","Transcona"
"46110829",508,"Victoria West","Transcona","Transcona"
"46110830",510,"Radisson","Transcona","Transcona"
"46110831",749,"Victoria West","Transcona","Transcona"
"46110832",517,"Victoria West","Transcona","Transcona"
"46110833",776,"Victoria West","Transcona","Transcona"
"46110834",742,"Transcona Yards","Transcona","Transcona"
"46110835",461,"Transcona South","Transcona","Transcona"
"46110836",546,"Melrose","Transcona","Transcona"
"46110837",407,"Melrose","Transcona","Transcona"
"46110838",566,"Kern Park","Transcona","Transcona"
"46110839",397,"Kern Park","Transcona","Transcona"
"46110840",491,"Kildare-Redonda","Transcona","Transcona"
"46110841",411,"Kildare-Redonda","Transcona","Transcona"
"46110842",416,"Kildare-Redonda","Transcona","Transcona"
"46110843",457,"Kildare-Redonda","Transcona","Transcona"
"46110844",370,"Kildare-Redonda","Transcona","Transcona"
"46110845",611,"Kildare-Redonda","Transcona","Transcona"
"46110846",408,"Transcona North","Transcona","Transcona"
"46110847",392,"Kildare-Redonda","Transcona","Transcona"
"46110848",467,"Kildare-Redonda","Transcona","Transcona"
"46110849",448,"Kildare-Redonda","Transcona","Transcona"
"46110850",602,"Kildare-Redonda","Transcona","Transcona"
"46110851",754,"Kildare-Redonda","Transcona","Transcona"
"46110852",532,"Kildare-Redonda","Transcona","Transcona"
"46110853",427,"Kern Park","Transcona","Transcona"
"46110858",516,"Canterbury Park","Transcona","Transcona"
"46110859",432,"Canterbury Park","Transcona","Transcona"
"46110862",593,"Radisson","Transcona","Transcona"
"46110863",507,"Radisson","Transcona","Transcona"
"46110864",506,"Meadows","Transcona","Transcona"
"46110865",557,"Meadows","Transcona","Transcona"
"46110866",541,"Meadows","Transcona","Transcona"
"46110867",367,"Meadows","Transcona","Transcona"
"46110869",725,"Meadows","Transcona","Transcona"
"46110870",591,"Meadows","Transcona","Transcona"
"46110871",535,"Meadows","Transcona","Transcona"
"46110873",311,"Grassie","River East East","River East"
"46110874",526,"Grassie","River East East","River East"
"46110875",1532,"Eaglemere","River East East","River East"
"46110877",953,"Kil-Cona Park","River East East","River East"
"46110878",845,"Southland Park","St. Boniface East","St. Boniface"
"46110879",297,"Southland Park","St. Boniface East","St. Boniface"
"46110881",536,"Valley Gardens","River East East","River East"
"46110882",458,"Valley Gardens","River East East","River East"
"46110883",395,"Valley Gardens","River East East","River East"
"46110884",642,"Valley Gardens","River East East","River East"
"46110885",503,"Valley Gardens","River East East","River East"
"46110886",561,"Valley Gardens","River East East","River East"
"46110887",506,"Valley Gardens","River East East","River East"
"46110888",649,"Rossmere-A","River East West","River East"
"46110889",360,"Valley Gardens","River East East","River East"
"46110890",527,"Munroe West","River East West","River East"
"46110891",442,"Munroe West","River East West","River East"
"46110892",407,"Munroe West","River East West","River East"
"46110893",609,"Munroe West","River East West","River East"
"46110894",524,"Munroe West","River East West","River East"
"46110895",712,"Chalmers","River East South","River East"
"46110896",583,"Chalmers","River East South","River East"
"46110897",617,"Kildonan Drive","River East West","River East"
"46110898",528,"Luxton","Point Douglas North","Point Douglas"
"46110899",443,"Luxton","Point Douglas North","Point Douglas"
"46110900",487,"Luxton","Point Douglas North","Point Douglas"
"46110901",601,"Luxton","Point Douglas North","Point Douglas"
"46110902",522,"St. John's","Point Douglas North","Point Douglas"
"46110903",641,"Jefferson","Seven Oaks East","Seven Oaks"
"46110904",581,"Seven Oaks","Seven Oaks East","Seven Oaks"
"46110905",656,"Jefferson","Seven Oaks East","Seven Oaks"
"46110906",546,"St. John's","Point Douglas North","Point Douglas"
"46110907",498,"St. John's","Point Douglas North","Point Douglas"
"46110908",639,"Inkster-Faraday","Point Douglas North","Point Douglas"
"46110909",551,"St. John's","Point Douglas North","Point Douglas"
"46110910",588,"St. John's","Point Douglas North","Point Douglas"
"46110911",578,"St. John's","Point Douglas North","Point Douglas"
"46110912",566,"St. John's","Point Douglas North","Point Douglas"
"46110913",621,"St. John's","Point Douglas North","Point Douglas"
"46110914",702,"St. John's","Point Douglas North","Point Douglas"
"46110915",503,"St. John's","Point Douglas North","Point Douglas"
"46110916",487,"St. John's Park","Point Douglas North","Point Douglas"
"46110917",501,"St. John's Park","Point Douglas North","Point Douglas"
"46110918",466,"St. John's","Point Douglas North","Point Douglas"
"46110919",516,"Inkster-Faraday","Point Douglas North","Point Douglas"
"46110920",541,"Inkster-Faraday","Point Douglas North","Point Douglas"
"46110921",661,"Inkster-Faraday","Point Douglas North","Point Douglas"
"46110922",603,"William Whyte","Point Douglas South","Point Douglas"
"46110923",557,"William Whyte","Point Douglas South","Point Douglas"
"46110924",600,"Inkster-Faraday","Point Douglas North","Point Douglas"
"46110925",459,"Robertson","Point Douglas North","Point Douglas"
"46110926",743,"Inkster-Faraday","Point Douglas North","Point Douglas"
"46110927",574,"Robertson","Point Douglas North","Point Douglas"
"46110928",616,"Garden City","Seven Oaks East","Seven Oaks"
"46110929",576,"Garden City","Seven Oaks East","Seven Oaks"
"46110930",892,"Chalmers","River East South","River East"
"46110931",738,"Chalmers","River East South","River East"
"46110933",792,"Chalmers","River East South","River East"
"46110934",583,"Chalmers","River East South","River East"
"46110935",540,"Chalmers","River East South","River East"
"46110936",597,"Munroe East","River East East","River East"
"46110937",628,"St. Vital Perimeter South","St. Vital South","St. Vital"
"46110938",508,"St. Vital Perimeter South","St. Vital South","St. Vital"
"46110939",2054,"Fort Richmond","Fort Garry South","Fort Garry"
"46110940",416,"Fort Richmond","Fort Garry South","Fort Garry"
"46110941",223,"Fort Richmond","Fort Garry South","Fort Garry"
"46110942",380,"Fort Richmond","Fort Garry South","Fort Garry"
"46110943",328,"Fort Richmond","Fort Garry South","Fort Garry"
"46110944",404,"Fort Richmond","Fort Garry South","Fort Garry"
"46110945",919,"Fort Richmond","Fort Garry South","Fort Garry"
"46110947",466,"Richmond West","Fort Garry South","Fort Garry"
"46110948",666,"Richmond West","Fort Garry South","Fort Garry"
"46110949",514,"Richmond West","Fort Garry South","Fort Garry"
"46110950",579,"Richmond West","Fort Garry South","Fort Garry"
"46110952",398,"Richmond West","Fort Garry South","Fort Garry"
"46110953",487,"Richmond West","Fort Garry South","Fort Garry"
"46110954",644,"Richmond West","Fort Garry South","Fort Garry"
"46110955",1178,"Richmond Lakes","Fort Garry South","Fort Garry"
"46110956",497,"Richmond Lakes","Fort Garry South","Fort Garry"
"46110957",870,"Parc La Salle","Fort Garry South","Fort Garry"
"46110958",276,"Richmond Lakes","Fort Garry South","Fort Garry"
"46110959",875,"Trappistes","Fort Garry South","Fort Garry"
"46110960",412,"Parc La Salle","Fort Garry South","Fort Garry"
"46110961",404,"Parc La Salle","Fort Garry South","Fort Garry"
"46110962",347,"La Barriere","Fort Garry South","Fort Garry"
"46110963",464,"St. Norbert","Fort Garry South","Fort Garry"
"46110964",374,"Turnbull Drive","Fort Garry South","Fort Garry"
"46110965",723,"St. Vital Perimeter South","St. Vital South","St. Vital"
"46110966",624,"Fort Richmond","Fort Garry South","Fort Garry"
"46110967",558,"Fort Richmond","Fort Garry South","Fort Garry"
"46110968",706,"Richmond West","Fort Garry South","Fort Garry"
"46110973",641,"Waverley Heights","Fort Garry South","Fort Garry"
"46110974",408,"Waverley Heights","Fort Garry South","Fort Garry"
"46110975",386,"Waverley Heights","Fort Garry South","Fort Garry"
"46110976",567,"Waverley Heights","Fort Garry South","Fort Garry"
"46110977",436,"Waverley Heights","Fort Garry South","Fort Garry"
"46110978",1089,"Chevrier","Fort Garry North","Fort Garry"
"46110979",703,"Waverley Heights","Fort Garry South","Fort Garry"
"46110980",599,"Waverley Heights","Fort Garry South","Fort Garry"
"46110983",616,"Montcalm","Fort Garry South","Fort Garry"
"46110984",1716,"Montcalm","Fort Garry South","Fort Garry"
"46110985",646,"Agassiz","Fort Garry South","Fort Garry"
"46110992",623,"Pulberry","St. Vital North","St. Vital"
"46110993",436,"Pulberry","St. Vital North","St. Vital"
"46110994",355,"Minnetonka","St. Vital South","St. Vital"
"46110995",363,"Minnetonka","St. Vital South","St. Vital"
"46110996",385,"Minnetonka","St. Vital South","St. Vital"
"46110997",390,"Minnetonka","St. Vital South","St. Vital"
"46110998",616,"Minnetonka","St. Vital South","St. Vital"
"46110999",537,"Minnetonka","St. Vital South","St. Vital"
"46111000",412,"Minnetonka","St. Vital South","St. Vital"
"46111001",420,"Minnetonka","St. Vital South","St. Vital"
"46111002",449,"Minnetonka","St. Vital South","St. Vital"
"46111003",534,"Minnetonka","St. Vital South","St. Vital"
"46111004",460,"St. Vital Centre","St. Vital South","St. Vital"
"46111005",415,"Vista","St. Vital South","St. Vital"
"46111006",504,"Vista","St. Vital South","St. Vital"
"46111007",743,"River Park South","St. Vital South","St. Vital"
"46111008",759,"River Park South","St. Vital South","St. Vital"
"46111009",1409,"University","Fort Garry South","Fort Garry"
"46111010",853,"University","Fort Garry South","Fort Garry"
"46111011",507,"Fort Richmond","Fort Garry South","Fort Garry"
"46111012",745,"Fort Richmond","Fort Garry South","Fort Garry"
"46111013",585,"Fort Richmond","Fort Garry South","Fort Garry"
"46111014",605,"Fort Richmond","Fort Garry South","Fort Garry"
"46111015",992,"Fort Richmond","Fort Garry South","Fort Garry"
"46111016",577,"Fort Richmond","Fort Garry South","Fort Garry"
"46111017",488,"Fort Richmond","Fort Garry South","Fort Garry"
"46111018",441,"Fort Richmond","Fort Garry South","Fort Garry"
"46111019",1244,"Fort Richmond","Fort Garry South","Fort Garry"
"46111020",983,"University","Fort Garry South","Fort Garry"
"46111021",915,"Montcalm","Fort Garry South","Fort Garry"
"46111022",395,"Chevrier","Fort Garry North","Fort Garry"
"46111024",766,"Linden Woods","Fort Garry North","Fort Garry"
"46111025",411,"Linden Woods","Fort Garry North","Fort Garry"
"46111027",604,"Linden Woods","Fort Garry North","Fort Garry"
"46111028",579,"Linden Woods","Fort Garry North","Fort Garry"
"46111029",385,"Linden Woods","Fort Garry North","Fort Garry"
"46111030",332,"Linden Woods","Fort Garry North","Fort Garry"
"46111032",316,"Linden Woods","Fort Garry North","Fort Garry"
"46111033",409,"Mathers","River Heights West","River Heights"
"46111034",475,"Mathers","River Heights West","River Heights"
"46111035",559,"Mathers","River Heights West","River Heights"
"46111036",515,"South River Heights","River Heights West","River Heights"
"46111037",410,"South River Heights","River Heights West","River Heights"
"46111038",794,"Brockville","Fort Garry North","Fort Garry"
"46111039",512,"South River Heights","River Heights West","River Heights"
"46111040",544,"South River Heights","River Heights West","River Heights"
"46111041",651,"South River Heights","River Heights West","River Heights"
"46111042",580,"Grant Park","River Heights West","River Heights"
"46111043",376,"Central River Heights","River Heights West","River Heights"
"46111044",397,"Central River Heights","River Heights West","River Heights"
"46111045",568,"Central River Heights","River Heights West","River Heights"
"46111046",466,"Central River Heights","River Heights West","River Heights"
"46111047",482,"North River Heights","River Heights West","River Heights"
"46111048",418,"North River Heights","River Heights West","River Heights"
"46111049",597,"North River Heights","River Heights West","River Heights"
"46111050",452,"Central River Heights","River Heights West","River Heights"
"46111051",477,"Central River Heights","River Heights West","River Heights"
"46111052",727,"Linden Woods","Fort Garry North","Fort Garry"
"46111053",557,"Buffalo","Fort Garry North","Fort Garry"
"46111055",398,"Whyte Ridge","Fort Garry North","Fort Garry"
"46111057",541,"Whyte Ridge","Fort Garry North","Fort Garry"
"46111058",1289,"Whyte Ridge","Fort Garry North","Fort Garry"
"46111061",629,"Whyte Ridge","Fort Garry North","Fort Garry"
"46111062",724,"Wilkes South","Assiniboine South","Assiniboine South"
"46111063",499,"Eric Coy","Assiniboine South","Assiniboine South"
"46111064",549,"Eric Coy","Assiniboine South","Assiniboine South"
"46111065",459,"Eric Coy","Assiniboine South","Assiniboine South"
"46111066",418,"Eric Coy","Assiniboine South","Assiniboine South"
"46111067",364,"Eric Coy","Assiniboine South","Assiniboine South"
"46111068",583,"Roblin Park","Assiniboine South","Assiniboine South"
"46111069",394,"Betsworth","Assiniboine South","Assiniboine South"
"46111070",480,"Betsworth","Assiniboine South","Assiniboine South"
"46111071",325,"Betsworth","Assiniboine South","Assiniboine South"
"46111072",530,"Betsworth","Assiniboine South","Assiniboine South"
"46111073",393,"Betsworth","Assiniboine South","Assiniboine South"
"46111074",434,"Betsworth","Assiniboine South","Assiniboine South"
"46111076",351,"Westdale","Assiniboine South","Assiniboine South"
"46111077",497,"Westdale","Assiniboine South","Assiniboine South"
"46111078",412,"Westdale","Assiniboine South","Assiniboine South"
"46111079",557,"Westdale","Assiniboine South","Assiniboine South"
"46111080",498,"Westdale","Assiniboine South","Assiniboine South"
"46111081",502,"Betsworth","Assiniboine South","Assiniboine South"
"46111082",454,"Betsworth","Assiniboine South","Assiniboine South"
"46111083",672,"Ridgewood South","Assiniboine South","Assiniboine South"
"46111084",1990,"Ridgewood South","Assiniboine South","Assiniboine South"
"46111085",474,"Westdale","Assiniboine South","Assiniboine South"
"46111087",489,"River West Park","Assiniboine South","Assiniboine South"
"46111088",443,"River West Park","Assiniboine South","Assiniboine South"
"46111089",548,"River West Park","Assiniboine South","Assiniboine South"
"46111090",1120,"Glendale","St. James-Assiniboia West","St. James-Assiniboia"
"46111091",501,"Glendale","St. James-Assiniboia West","St. James-Assiniboia"
"46111092",485,"Glendale","St. James-Assiniboia West","St. James-Assiniboia"
"46111093",1236,"Assiniboia Downs","St. James-Assiniboia West","St. James-Assiniboia"
"46111096",426,"Southboine","Assiniboine South","Assiniboine South"
"46111098",560,"Westdale","Assiniboine South","Assiniboine South"
"46111099",1349,"Southboine","Assiniboine South","Assiniboine South"
"46111100",450,"Ridgedale","Assiniboine South","Assiniboine South"
"46111101",511,"Marlton","Assiniboine South","Assiniboine South"
"46111102",361,"Varsity View","Assiniboine South","Assiniboine South"
"46111103",659,"Varsity View","Assiniboine South","Assiniboine South"
"46111104",323,"Linden Woods","Fort Garry North","Fort Garry"
"46111105",323,"Linden Woods","Fort Garry North","Fort Garry"
"46111106",502,"Assiniboine Park","Assiniboine South","Assiniboine South"
"46111107",549,"Deer Lodge","St. James-Assiniboia East","St. James-Assiniboia"
"46111108",273,"Old Tuxedo","Assiniboine South","Assiniboine South"
"46111109",532,"Old Tuxedo","Assiniboine South","Assiniboine South"
"46111110",874,"Edgeland","Assiniboine South","Assiniboine South"
"46111111",245,"Edgeland","Assiniboine South","Assiniboine South"
"46111112",248,"Tuxedo","Assiniboine South","Assiniboine South"
"46111113",270,"Tuxedo","Assiniboine South","Assiniboine South"
"46111114",368,"Tuxedo","Assiniboine South","Assiniboine South"
"46111115",429,"Tuxedo","Assiniboine South","Assiniboine South"
"46111116",403,"Tuxedo","Assiniboine South","Assiniboine South"
"46111117",441,"Tuxedo","Assiniboine South","Assiniboine South"
"46111118",3661,"Rosser-Old Kildonan","Seven Oaks West","Seven Oaks"
"46111119",3572,"Inkster Gardens","Inkster West","Inkster"
"46111121",784,"The Maples","Seven Oaks West","Seven Oaks"
"46111122",383,"The Maples","Seven Oaks West","Seven Oaks"
"46111123",870,"The Maples","Seven Oaks West","Seven Oaks"
"46111124",522,"The Maples","Seven Oaks West","Seven Oaks"
"46111125",832,"The Maples","Seven Oaks West","Seven Oaks"
"46111126",882,"The Maples","Seven Oaks West","Seven Oaks"
"46111129",616,"The Maples","Seven Oaks West","Seven Oaks"
"46111131",524,"Leila-McPhillips Triangle","Seven Oaks East","Seven Oaks"
"46111132",595,"The Maples","Seven Oaks West","Seven Oaks"
"46111133",527,"St. James Industrial","St. James-Assiniboia East","St. James-Assiniboia"
"46111134",1553,"Pembina Strip","Fort Garry North","Fort Garry"
"46111135",3162,"Pembina Strip","Fort Garry North","Fort Garry"
"46111136",1345,"Roslyn","River Heights East","River Heights"
"46111138",1527,"Fort Richmond","Fort Garry South","Fort Garry"
"46111139",2513,"Worthington","St. Vital North","St. Vital"
"46111140",934,"Westdale","Assiniboine South","Assiniboine South"
"46111141",1011,"J. B. Mitchell","River Heights West","River Heights"
"46111143",1624,"Niakwa Place","St. Boniface East","St. Boniface"
"46111144",1030,"Niakwa Park","St. Boniface East","St. Boniface"
"46111145",1714,"Munroe East","River East East","River East"
"46111146",915,"Weston","Inkster East","Inkster"
"46111147",646,"North Point Douglas","Point Douglas South","Point Douglas"
"46111148",1005,"Inkster Industrial Park","Inkster East","Inkster"
"46111149",895,"Rossmere-A","River East West","River East"
"46111150",1783,"Montcalm","Fort Garry South","Fort Garry"
"46111153",956,"River Park South","St. Vital South","St. Vital"
"46111154",3153,"Valhalla","River East West","River East"
"46111155",1147,"Kildonan Drive","River East West","River East"
"46111157",832,"Richmond West","Fort Garry South","Fort Garry"
"46111158",447,"Richmond West","Fort Garry South","Fort Garry"
"46111159",1046,"The Mint","St. Boniface East","St. Boniface"
"46111160",387,"Southdale","St. Boniface East","St. Boniface"
"46111161",594,"Airport","St. James-Assiniboia West","St. James-Assiniboia"
"46111162",339,"Dakota Crossing","St. Vital South","St. Vital"
"46111163",332,"Dakota Crossing","St. Vital South","St. Vital"
"46111164",361,"Dakota Crossing","St. Vital South","St. Vital"
"46111165",521,"Dakota Crossing","St. Vital South","St. Vital"
"46111167",506,"Royalwood","St. Boniface East","St. Boniface"
"46111168",504,"Linden Woods","Fort Garry North","Fort Garry"
"46111169",1267,"Linden Woods","Fort Garry North","Fort Garry"
"46111170",1035,"Whyte Ridge","Fort Garry North","Fort Garry"
"46111171",574,"Whyte Ridge","Fort Garry North","Fort Garry"
"46111172",321,"Whyte Ridge","Fort Garry North","Fort Garry"
"46111175",812,"Munroe East","River East East","River East"
"46111176",0,"Kildonan Park","Seven Oaks East","Seven Oaks"
"46111177",238,"Airport","St. James-Assiniboia East","St. James-Assiniboia"
"46111178",711,"South Portage","Downtown East","Downtown"
"46111179",556,"Broadway-Assiniboine","Downtown East","Downtown"
"46111180",1465,"Broadway-Assiniboine","Downtown East","Downtown"
"46111181",696,"Broadway-Assiniboine","Downtown East","Downtown"
"46111182",426,"Broadway-Assiniboine","Downtown East","Downtown"
"46111183",774,"Broadway-Assiniboine","Downtown East","Downtown"
"46111184",667,"Broadway-Assiniboine","Downtown East","Downtown"
"46111185",611,"Broadway-Assiniboine","Downtown East","Downtown"
"46111186",676,"Legislature","Downtown East","Downtown"
"46111187",386,"Linden Ridge","Fort Garry North","Fort Garry"
"46111188",135,"Linden Ridge","Fort Garry North","Fort Garry"
"46111189",1296,"West Fort Garry Industrial","Fort Garry North","Fort Garry"
"46111191",423,"Waverley Heights","Fort Garry South","Fort Garry"
"46111192",2238,"Fairfield Park","Fort Garry South","Fort Garry"
"46111193",1207,"Richmond West","Fort Garry South","Fort Garry"
"46111194",588,"Royalwood","St. Boniface East","St. Boniface"
"46111195",1210,"Island Lakes","St. Boniface East","St. Boniface"
"46111196",660,"Royalwood","St. Boniface East","St. Boniface"
"46111197",722,"Dakota Crossing","St. Vital South","St. Vital"
"46111198",291,"Dakota Crossing","St. Vital South","St. Vital"
"46111199",2280,"Dakota Crossing","St. Vital South","St. Vital"
"46111202",748,"Island Lakes","St. Boniface East","St. Boniface"
"46111203",1475,"Royalwood","St. Boniface East","St. Boniface"
"46111204",1572,"Royalwood","St. Boniface East","St. Boniface"
"46111205",1773,"Island Lakes","St. Boniface East","St. Boniface"
"46111206",2712,"Island Lakes","St. Boniface East","St. Boniface"
"46111207",1509,"Fraipont","St. Boniface East","St. Boniface"
"46111210",7391,"Sage Creek","St. Boniface East","St. Boniface"
"46111211",31,"St. Vital Perimeter South","St. Vital South","St. Vital"
"46111212",428,"Island Lakes","St. Boniface East","St. Boniface"
"46111213",807,"Whyte Ridge","Fort Garry North","Fort Garry"
"46111214",384,"Whyte Ridge","Fort Garry North","Fort Garry"
"46111215",832,"Whyte Ridge","Fort Garry North","Fort Garry"
"46111217",489,"Whyte Ridge","Fort Garry North","Fort Garry"
"46111218",2849,"Dakota Crossing","St. Vital South","St. Vital"
"46111219",428,"Fraipont","St. Boniface East","St. Boniface"
"46111220",3435,"Rosser-Old Kildonan","Seven Oaks West","Seven Oaks"
"46111221",2664,"Amber Trails","Seven Oaks West","Seven Oaks"
"46111222",1416,"Amber Trails","Seven Oaks West","Seven Oaks"
"46111223",994,"Amber Trails","Seven Oaks West","Seven Oaks"
"46111224",747,"Amber Trails","Seven Oaks West","Seven Oaks"
"46111225",2002,"Tuxedo Industrial","Assiniboine South","Assiniboine South"
"46111226",1838,"Brockville","Fort Garry North","Fort Garry"
"46111227",862,"Tuxedo Industrial","Assiniboine South","Assiniboine South"
"46111228",973,"Linden Woods","Fort Garry North","Fort Garry"
"46111229",945,"Linden Woods","Fort Garry North","Fort Garry"
"46111230",399,"Rivergrove","Seven Oaks East","Seven Oaks"
"46111232",2343,"Rivergrove","Seven Oaks East","Seven Oaks"
"46111234",1017,"Riverbend","Seven Oaks East","Seven Oaks"
"46111237",420,"Canterbury Park","Transcona","Transcona"
"46111238",585,"Canterbury Park","Transcona","Transcona"
"46111239",588,"Canterbury Park","Transcona","Transcona"
"46111240",612,"Transcona North","Transcona","Transcona"
"46111241",4036,"Canterbury Park","Transcona","Transcona"
"46111243",582,"Canterbury Park","Transcona","Transcona"
"46111244",565,"Canterbury Park","Transcona","Transcona"
"46111245",481,"The Maples","Seven Oaks West","Seven Oaks"
"46111247",427,"The Maples","Seven Oaks West","Seven Oaks"
"46111249",1609,"Leila-McPhillips Triangle","Seven Oaks East","Seven Oaks"
"46111250",2099,"Kildonan Crossing","River East East","River East"
"46111251",5901,"Peguis","Transcona","Transcona"
"46111252",2020,"Grassie","River East East","River East"
"46111253",5276,"Peguis","Transcona","Transcona"
"46111254",2340,"Fairfield Park","Fort Garry South","Fort Garry"
"46111255",5076,"Bridgwater Forest","Fort Garry South","Fort Garry"
"46111256",7336,"South Pointe","Fort Garry South","Fort Garry"
"46111257",11365,"Bridgwater Trails","Fort Garry South","Fort Garry"
"46111258",744,"River Park South","St. Vital South","St. Vital"
"46111259",574,"River Park South","St. Vital South","St. Vital"
"46111260",526,"River Park South","St. Vital South","St. Vital"
"46111261",1363,"River Park South","St. Vital South","St. Vital"
"46111262",768,"Mission Industrial","St. Boniface East","St. Boniface"
"46111263",1891,"St. Boniface Industrial Park","St. Boniface East","St. Boniface"
"46111264",411,"Windsor Park","St. Boniface East","St. Boniface"
